Precision,Recall,F1-Score,F05-Score,Accuracy,MCC,AUC,AUPRC,TP,FP,TN,FN
0.7519948242398102,0.9111575646720669,0.8239603024574669,0.779217877094972,0.7700617283950617,0.520665947148772,0.7388430115105529,0.8578107623571731,3487,1150,1503,340
