Precision,Recall,F1-Score,F05-Score,Accuracy,MCC,AUC,AUPRC,TP,FP,TN,FN
0.15142857142857144,0.6973684210526315,0.24882629107981222,0.17953929539295396,0.5561719833564494,0.14555823995697179,0.6184516523867808,0.4403485655887291,53,297,348,23
