Precision,Recall,F1-Score,F05-Score,Accuracy,MCC,AUC,AUPRC,TP,FP,TN,FN
0.7301743406347787,0.7167178587099605,0.7233835252435783,0.7274427718891957,0.7507283393861994,0.4966435737098925,0.7479065797721959,0.7878592377176264,8167,3018,10644,3228
0.7462898339532922,0.7370474170580215,0.7416398315580877,0.7444228532957954,0.7680795019157088,0.5312986660297789,0.765342173906428,0.8010470464142501,19461,6616,25444,6943
