Precision,Recall,F1-Score,F05-Score,Accuracy,MCC,AUC,AUPRC,TP,FP,TN,FN
0.6238910296621561,0.9339951703783204,0.7480792994143878,0.6682664618928778,0.7193055971266088,0.5070048913987556,0.7401572436044666,0.7936692299214655,6962,4197,5054,492
