Precision,Recall,F1-Score,F05-Score,Accuracy,MCC,AUC,AUPRC,TP,FP,TN,FN
0.6234974572353214,0.9467356967356967,0.7518466898954704,0.6691931722324219,0.7157680488486251,0.5061166855525882,0.7349153192704176,0.7972289607505247,10789,6515,7146,607
