Precision,Recall,F1-Score,F05-Score,Accuracy,MCC,AUC,AUPRC,TP,FP,TN,FN
0.6100397050482133,0.9541341376863024,0.7442391529997924,0.6574603873239436,0.7049926168336194,0.49609802553168997,0.727701816757551,0.7924033997964393,10755,6875,6910,517
