Precision,Recall,F1-Score,F05-Score,Accuracy,MCC,AUC,AUPRC,TP,FP,TN,FN
0.7791881918819188,0.9349982288345732,0.8500120763223572,0.8060526476516217,0.8512990381929202,0.7165172709739865,0.8588176759864838,0.8717398160971612,10558,2992,10773,734
0.8519581908510226,0.996302863394575,0.9184940439961742,0.8773812450581066,0.9198310071154899,0.8505441630442911,0.926351825977101,0.9249686497281628,26409,4589,27368,98
