Precision,Recall,F1-Score,F05-Score,Accuracy,MCC,AUC,AUPRC,TP,FP,TN,FN
0.7842713380544167,0.9361986118526429,0.8535269541232303,0.8105796788807051,0.8558885740511634,0.724727502402987,0.8633884006509759,0.8745423541290097,10521,2894,10925,717
0.8608094446075074,0.9937502353074056,0.9225150286593039,0.88447387291992,0.9241584564860427,0.8574002361043767,0.9299848565497313,0.9286995170236853,26395,4268,27635,166
