Precision,Recall,F1-Score,F05-Score,Accuracy,MCC,AUC,AUPRC,TP,FP,TN,FN
0.7156610169491525,0.9271034603899526,0.8077747168656259,0.7498650299775523,0.7994971465059664,0.6276842706650737,0.8101613417815464,0.837944476766691,10556,4194,9477,830
0.7776387150604923,0.9879983341536365,0.8702873055310067,0.8122257150860593,0.8669437602627258,0.7600308047208254,0.8775909426844436,0.8855295946672723,26096,7462,24589,317
