Precision,Recall,F1-Score,F05-Score,Accuracy,MCC,AUC,AUPRC,TP,FP,TN,FN
0.7101307189542484,0.9441258255126869,0.8105789316621904,0.7471667491885351,0.7973420601029653,0.6303631293604663,0.8083976976113142,0.8399590181328173,10865,4435,9114,643
0.7552139231327049,0.9903008634133353,0.8569265707797122,0.7928570993538014,0.8512931034482759,0.7362454214643244,0.8640000882509751,0.8749382225012631,26036,8439,23734,255
