Precision,Recall,F1-Score,F05-Score,Accuracy,MCC,AUC,AUPRC,TP,FP,TN,FN
0.714170692431562,0.9366420274551215,0.810415714938328,0.7497886728655959,0.8012531428343377,0.6343330436668363,0.8127670810612349,0.8397736026300161,10644,4260,9433,720
0.771366261935636,0.9901267259315302,0.8671625225702784,0.8070274970245988,0.8628386699507389,0.7542906875800293,0.8739543679924595,0.8829786367907259,26174,7758,24271,261
