Precision,Recall,F1-Score,F05-Score,Accuracy,MCC,AUC,AUPRC,TP,FP,TN,FN
0.7002045259616019,0.9398689337584131,0.8025256153351733,0.7378337041156839,0.7915552540208325,0.6205912343510591,0.8048781646634419,0.8335858378936907,10613,4544,9221,679
0.7613616576702072,0.9897385596257592,0.8606577544492742,0.7981976280736769,0.8546969074986316,0.7411753183568645,0.8662120216221858,0.8778763264914424,26235,8223,23734,272
