Precision,Recall,F1-Score,F05-Score,Accuracy,MCC,AUC,AUPRC,TP,FP,TN,FN
0.797553005547534,0.9259749426504323,0.8569795451761728,0.8203063936220104,0.8601987468571657,0.7294386562831613,0.8659241469792277,0.8785058027297052,10495,2664,11059,839
0.8697651339728746,0.9935008501794823,0.9275244730575888,0.8919835804186315,0.9297174329501916,0.8670628201192702,0.9352328776663843,0.9331039827713071,26293,3937,28062,172
