Precision,Recall,F1-Score,F05-Score,Accuracy,MCC,AUC,AUPRC,TP,FP,TN,FN
0.7867052451962312,0.9360049430664666,0.8548855207997421,0.8126293202544257,0.8563275731332561,0.7253316483235902,0.8632894761952381,0.8758221093366808,10604,2875,10853,725
0.8617692232279991,0.996259916887042,0.9241471149971088,0.8856818517672663,0.9259544334975369,0.8611269392974751,0.9320238135413519,0.9298612449343678,26371,4230,27764,99
