Precision,Recall,F1-Score,F05-Score,Accuracy,MCC,AUC,AUPRC,TP,FP,TN,FN
0.7873649459783914,0.9346277164232276,0.8546994624531682,0.8129841958475365,0.8576046613720717,0.7272363879640225,0.8648480255411388,0.8756429369397247,10494,2834,10995,734
0.8690793149919469,0.9950698129539723,0.9278169631891077,0.8916587415606049,0.9296319102353585,0.8672907210920107,0.9350917371294805,0.9331949115372726,26440,3983,27910,131
