Precision,Recall,F1-Score,F05-Score,Accuracy,MCC,AUC,AUPRC,TP,FP,TN,FN
0.7496049418187042,0.9195523834699092,0.8259269518420322,0.7783761206497904,0.8244402761703317,0.6664287306317173,0.8326241637221153,0.852797124551159,10436,3486,10222,913
0.8167912665394601,0.9872211720226843,0.8939557335798285,0.8460013218770656,0.8940373563218391,0.8041520442207676,0.9021349815882773,0.9048968870424297,26112,5857,26157,338
