Precision,Recall,F1-Score,F05-Score,Accuracy,MCC,AUC,AUPRC,TP,FP,TN,FN
0.7755131540907777,0.9462915601023018,0.8524329692154915,0.8045528845432869,0.851738037275013,0.7205564918774708,0.8599368574676839,0.8730546498690184,10730,3106,10612,609
0.8445932953015832,0.9959561602418745,0.9140508480455065,0.8710698892032683,0.9152298850574713,0.8425540190512526,0.9222219246403723,0.9211898208204427,26353,4849,27155,107
