Precision,Recall,F1-Score,F05-Score,Accuracy,MCC,AUC,AUPRC,TP,FP,TN,FN
0.6835031847133758,0.9451294697903823,0.7933022843202484,0.7235617768427866,0.7768288302669912,0.5994681805496307,0.7912540729963369,0.8267479830765987,10731,4969,8734,623
0.7355824601814658,0.9902060881073927,0.8441106311649798,0.7754633057136596,0.8345648604269293,0.7101014489291831,0.8481121948703989,0.8651093124586055,26186,9413,22606,259
