Precision,Recall,F1-Score,F05-Score,Accuracy,MCC,AUC,AUPRC,TP,FP,TN,FN
0.7810768889873698,0.9301609640249802,0.8491247791874096,0.8069439145364364,0.8500219499541046,0.7128807355480993,0.8568104644788839,0.8714628024689799,10575,2964,10724,794
0.8440349175557711,0.9877412031782066,0.9102510460251046,0.8693306693306693,0.9119458128078818,0.8347058550452243,0.9185756025256082,0.91865899632758,26106,4824,27210,324
