Precision,Recall,F1-Score,F05-Score,Accuracy,MCC,AUC,AUPRC,TP,FP,TN,FN
0.6925873036479294,0.9410000881911985,0.7979061506823706,0.7311925222372985,0.7842918146625694,0.609358959121912,0.7978801286560309,0.8301432589159323,10670,4736,8982,669
0.7502731611938582,0.9861300075585789,0.8521832848884681,0.7879653564612376,0.8451696770662288,0.7246990912218959,0.8573788395498181,0.871340268010592,26093,8685,23319,367
