Precision,Recall,F1-Score,F05-Score,Accuracy,MCC,AUC,AUPRC,TP,FP,TN,FN
0.6972459395262246,0.9544775463573248,0.8058317257753376,0.7369685290485432,0.7911162549387397,0.6259311326005355,0.8048451483797152,0.8361981758746876,10861,4716,8962,518
0.7425521701070228,0.9953065859197577,0.8505490595636633,0.7822837831405587,0.8419369184455391,0.7238619954629408,0.8553957720511285,0.8699898596773202,26296,9117,22927,124
