Precision,Recall,F1-Score,F05-Score,Accuracy,MCC,AUC,AUPRC,TP,FP,TN,FN
0.7093178480843679,0.9384493111974568,0.8079525583517069,0.7457334530960535,0.7983796942970028,0.6306632355423719,0.8106649818202386,0.8377918687417624,10627,4355,9378,697
0.7721146489317874,0.9910481586402267,0.8679888184990986,0.8078052745331059,0.8634886425834701,0.7556694961336118,0.8744824712673452,0.8836082921275505,26238,7744,24245,237
