Precision,Recall,F1-Score,F05-Score,Accuracy,MCC,AUC,AUPRC,TP,FP,TN,FN
0.786659802912193,0.9363620448179272,0.8550075933178803,0.8126443418013856,0.8552101209242926,0.7233928671530565,0.8617847780020098,0.8760178480778549,10697,2901,10732,727
0.8551807386141198,0.9938578199052133,0.9193189191084925,0.8797312445044064,0.9213019978106185,0.8524342845251067,0.9277619056832308,0.9259047472399622,26213,4439,27650,162
