Precision,Recall,F1-Score,F05-Score,Accuracy,MCC,AUC,AUPRC,TP,FP,TN,FN
0.7009890613742058,0.9470796460176991,0.8056611585801934,0.7394152111430466,0.7939497944686116,0.6274563378842904,0.8076242890988401,0.8359671469273848,10702,4565,9192,598
0.756448555178951,0.9938110872108381,0.8590347887071258,0.7943953425236042,0.8521654351395731,0.738958828391257,0.8642761051571162,0.8765323937181567,26335,8479,23486,164
