Precision,Recall,F1-Score,F05-Score,Accuracy,MCC,AUC,AUPRC,TP,FP,TN,FN
0.7781381292842928,0.9409090909090909,0.8518174849719612,0.8060255313950647,0.8534142155884583,0.7219045867894885,0.8616881943668819,0.8727534460706712,10557,3010,10827,663
0.8517934695190607,0.9962000075247376,0.9183546059933408,0.877225531576541,0.919471811713191,0.849906343261608,0.9258560018806062,0.9248605179417131,26478,4607,27278,101
