Precision,Recall,F1-Score,F05-Score,Accuracy,MCC,AUC,AUPRC,TP,FP,TN,FN
0.6694021101992966,0.9500831946755408,0.7854195323246218,0.7114378270620484,0.7634194037594285,0.580611447937124,0.7786051697090859,0.8211167195643693,10849,5358,8280,570
0.7140757674722403,0.9946171341925701,0.8313161396616183,0.7567664228523961,0.8178708264915161,0.6870546062265521,0.8335820990748414,0.8555608733830347,26238,10506,21578,142
