Precision,Recall,F1-Score,F05-Score,Accuracy,MCC,AUC,AUPRC,TP,FP,TN,FN
0.7453927874539279,0.9105676701686236,0.8197424892703863,0.773453318335208,0.8189727421479028,0.6545416790522758,0.8269881322438164,0.8481941410912773,10314,3523,10207,1013
0.8115815691158157,0.9847385917195527,0.8898143091206991,0.8411637152150344,0.8895730706075534,0.7959060811816174,0.8977831493231421,0.9016151980969399,26068,6052,25940,404
