Precision,Recall,F1-Score,F05-Score,Accuracy,MCC,AUC,AUPRC,TP,FP,TN,FN
0.7424497822727911,0.9278504344773106,0.8248605204635012,0.7733557685273246,0.8208484654986631,0.6629674500121067,0.8297404982691002,0.8515527104423375,10571,3667,9997,822
0.8110436291522063,0.991214118003484,0.8921231125805243,0.8416401919045109,0.8917282430213465,0.8015909544957143,0.9004981938198842,0.9031130005619722,26174,6098,25960,232
