Precision,Recall,F1-Score,F05-Score,Accuracy,MCC,AUC,AUPRC,TP,FP,TN,FN
0.7240851630073187,0.9494024251941028,0.8215755105122109,0.7601665199837951,0.8113501217224728,0.6551998609977784,0.8221706844228569,0.8483174062649762,10883,4147,9447,580
0.7735447860370338,0.994570170109356,0.8702427031247405,0.8095252812461369,0.8663964148877942,0.7617931954392171,0.8779499256921282,0.8852804528953078,26193,7668,24460,143
