Precision,Recall,F1-Score,F05-Score,Accuracy,MCC,AUC,AUPRC,TP,FP,TN,FN
0.7002728422173421,0.9382132667617689,0.8019662386160119,0.7376899781279793,0.7925928882148701,0.621923814483153,0.8064016265172185,0.8330715255754796,10523,4504,9337,693
0.7621843635206664,0.9912726178384682,0.8617633592779121,0.7991205458680819,0.8553981937602627,0.7428634620463894,0.8666880325163608,0.8787126176636942,26351,8222,23659,232
