Precision,Recall,F1-Score,F05-Score,Accuracy,MCC,AUC,AUPRC,TP,FP,TN,FN
0.7056435511779582,0.9336092277890288,0.8037751582458401,0.7418731895719344,0.7933910683641298,0.6205412582753923,0.8053812562302809,0.8346720852970385,10603,4423,9277,754
0.7671240927389733,0.9872929430451555,0.8633935806062211,0.8029354231512125,0.8586993705528189,0.746558709203961,0.8699034198705884,0.8800820811104552,26106,7925,24097,336
