Precision,Recall,F1-Score,F05-Score,Accuracy,MCC,AUC,AUPRC,TP,FP,TN,FN
0.7903225806451613,0.6125,0.6901408450704225,0.7469512195121951,0.9389736477115118,0.6634648685425213,0.7961095943837754,0.7229092098787526,49,13,628,31
0.9861111111111112,1.0,0.993006993006993,0.988857938718663,0.9988095238095238,0.992385399916748,0.9993498049414825,0.9930555555555556,142,2,1536,0
