Precision,Recall,F1-Score,F05-Score,Accuracy,MCC,AUC,AUPRC,TP,FP,TN,FN
0.6420682121616701,0.46375032874550715,0.5385320166955105,0.5962175686946329,0.6381849383405834,0.26258190860219627,0.6238531863507756,0.6749709697791264,5290,2949,10701,6117
0.6515541997580603,0.4693846620187936,0.5456667767866975,0.6046230135488657,0.6471503831417624,0.27919025483184023,0.6314090932942559,0.6802354407406437,12388,6625,25447,14004
